{"cameraMode":{"drawMode":0,"name":"Shaded","section":"Shading Mode"},"sceneLighting":false,"audioPlay":false,"sceneViewState":{"m_AlwaysRefresh":false,"showFog":true,"showSkybox":false,"showFlares":true,"showImageEffects":true,"showParticleSystems":true,"showVisualEffectGraphs":true,"m_FxEnabled":true},"in2DMode":false,"pivot":{"x":1.2279449701309205,"y":0.12356720119714737,"z":1.114787220954895},"rotation":{"x":-0.10245005041360855,"y":-0.6712834239006043,"z":0.09446382522583008,"w":-0.7279759049415588},"size":1.0941919088363648,"orthographic":false}