{"cameraMode":{"drawMode":0,"name":"Shaded","section":"Shading Mode"},"sceneLighting":false,"audioPlay":false,"sceneViewState":{"m_AlwaysRefresh":false,"showFog":true,"showSkybox":false,"showFlares":true,"showImageEffects":true,"showParticleSystems":true,"showVisualEffectGraphs":true,"m_FxEnabled":true},"in2DMode":false,"pivot":{"x":2.4355883598327638,"y":0.5137652158737183,"z":3.989698648452759},"rotation":{"x":-0.021004635840654374,"y":0.9552996158599854,"z":-0.2864363491535187,"w":-0.07005258649587631},"size":1.0941919088363648,"orthographic":false}